{
  "Name": "Polaris DoubleWishbone",
  "Type": "Suspension",
  "Template": "DoubleWishbone",

  "Spindle": {
    "Mass": 0.1,
    "COM": [ 0, 0.616, 0 ],
    "Inertia": [ 0.004117, 0.007352, 0.004117 ],
    "Radius": 0.05,
    "Width": 0.06
  },

  "Upright": {
    "Mass": 30.19178388,
    "COM": [ 0, 0.572, 0 ],
    "Moments of Inertia": [ 0.3256, 0.3834, 0.08367 ],
    "Products of Inertia": [ 0, 0, 0 ],
    "Radius": 0.025
  },

  "Upper Control Arm": {
    "Mass": 3.6933,
    "COM": [ 0.01493, 0.30141, 0.262 ],
    "Moments of Inertia": [ 0.015, 0.015, 0.03276 ],
    "Products of Inertia": [ 0, 0, 0 ],
    "Radius": 0.02,
    "Location Chassis Front": [ 0.161, 0.136, 0.271 ],
    "Location Chassis Back": [ -0.087, 0.131, 0.227 ],
    "Location Upright": [ -0.008, 0.571, 0.088 ]
  },

  "Lower Control Arm": {
    "Mass": 4.6716,
    "COM": [ -0.0728133, 0.28702, 0 ],
    "Moments of Inertia": [ 0.1, 0.1, 0.2938 ],
    "Products of Inertia": [ 0, 0, 0 ],
    "Radius": 0.03,
    "Location Chassis Front": [ 0.047, 0.112, 0.088 ],
    "Location Chassis Back": [ -0.246, 0.108, 0.053 ],
    "Location Upright": [ 0.016, 0.574, -0.082 ]
  },

  "Tierod": {
    "Location Chassis": [ -0.137, 0.113, 0.055 ],
    "Location Upright": [ -0.097, 0.533, -0.088 ]
  },

  "Spring": {
    "Location Chassis": [ -0.053, 0.166, 0.574 ],
    "Location Arm": [ -0.002, 0.432, 0.186 ],
    "Free Length": 0.475653, //0.33655,
    "Spring Curve Data": [
      [ -0.099233471, -88801.48006 ],
      [ -0.091600127, -48620.962037 ],
      [ -0.076333439, -46140.814031 ],
      [ -0.061066751, -42660.666026 ],
      [ -0.045800064, -40772.577222 ],
      [ -0.030533376, -26810.481018 ],
      [ -0.015266688, -26440.444017 ],
      [ 0, -22848.384815 ],
      [ 0.015266688, -22330.333013 ],
      [ 0.030533376, -16886.288611 ],
      [ 0.045800064, -4442.244209 ],
      [ 0.053433408, 6400.370014 ]
    ]
  },
  "Shock": {
    "Location Chassis": [ -0.053, 0.166, 0.574 ],
    "Location Arm": [ -0.002, 0.432, 0.186 ],
    "Damping Curve Data": [
      [ -4, -3000 ],
      [ -0.33, -82 ],
      [ -0.13, -425 ],
      [ 0, 0 ],
      [ 0.13, 500 ],
      [ 0.33, 975 ],
      [ 4, 3000 ]
    ]
  },

  "Axle": {
    "Inertia": 0.4
  }
}
